village_code_2011,village_name_2011,state_code_2011,district_code_2011,sub_district_code_2011,village_code_2001,village_name_2001,state_code_2001,district_code_2001,sub_district_code_2001,CEN_2001
260925,Lachen,11,241,1547,100,Lachen,11,1,1,11010001100
260926,Lachung,11,241,1547,200,Lachung,11,1,1,11010001200
260927,Chungthang,11,241,1547,300,Chungthang,11,1,1,11010001300
260928,Shipgyer,11,241,1547,400,Shipgyer,11,1,1,11010001400
260929,Tung,11,241,1547,500,Tung,11,1,1,11010001500
260930,Lachen Forest Block,11,241,1547,600,Lachen Forest Block,11,1,1,11010001600
260931,Thangu Forest Block ,11,241,1547,,,11,1,1,11040002
260932,Lachung Forest Block,11,241,1547,700,Lachung Forest Block,11,1,1,11010001700
260933,Tshungthang Forest Block,11,241,1547,800,Tshungthang Forest Block,11,1,1,11010001800
260934,Naga-Namgor,11,241,1548,900,Naga-Namgor,11,1,2,11010002900
260936,Singchit,11,241,1548,1100,Singchit,11,1,2,110100021100
260938,Kazor ,11,241,1548,1300,Kazor ,11,1,2,110100021300
260940,Salim Pakel,11,241,1548,1500,Salim Pakel,11,1,2,110100021500
260941,Lingthem ,11,241,1548,1600,Lingthem ,11,1,2,110100021600
260942,Lingdem,11,241,1548,1700,Lingdem,11,1,2,110100021700
260943,Tingbong,11,241,1548,1800,Tingbong,11,1,2,110100021800
260944,Lingzah-Tolung,11,241,1548,1900,Lingzah-Tolung,11,1,2,110100021900
260945,Sakyong-Pentong,11,241,1548,2000,Sakyong-Pentong,11,1,2,110100022000
260947,Sangtok,11,241,1548,2200,Sangtok,11,1,2,110100022200
260948,Gor,11,241,1548,2300,Gor,11,1,2,110100022300
260949,Gnon-Samdong,11,241,1548,2400,Gnon-Samdong,11,1,2,110100022400
260950,Hee-Gyathang,11,241,1548,2500,Hee-Gyathang,11,1,2,110100022500
260951,Barfok,11,241,1548,2600,Barfok,11,1,2,110100022600
260952,Lingdong,11,241,1548,2700,Lingdong,11,1,2,110100022700
260954,Singhik,11,241,1548,2900,Singhik,11,1,2,110100022900
260955,Ringhim,11,241,1548,3000,Ringhim,11,1,2,110100023000
260956,Nampatam,11,241,1548,3100,Nampatam,11,1,2,110100023100
260957,Tingchim,11,241,1548,3200,Tingchim,11,1,2,110100023200
260958,U. Mangshila,11,241,1548,3300,U. Mangshila,11,1,2,110100023300
260959,L. Mangshila,11,241,1548,3400,L. Mangshila,11,1,2,110100023400
260960,Namok,11,241,1548,3500,Namok,11,1,2,110100023500
260961,Sheyam,11,241,1548,3600,Sheyam,11,1,2,110100023600
260962,Tangyek,11,241,1548,3700,Tangyek,11,1,2,110100023700
260963,Ramthamg,11,241,1548,3800,Ramthang,11,1,2,110100023800
260964,Rongong,11,241,1548,3900,Rongong,11,1,2,110100023900
260965,Tumlong,11,241,1548,4000,Tumlong,11,1,2,110100024000
260966,Phodong,11,241,1548,4100,Phodong,11,1,2,110100024100
260968,Phamtam,11,241,1548,4300,Phamtam,11,1,2,110100024300
260969,Men-Rongong,11,241,1548,4400,Men-Rongong,11,1,2,110100024400
260970,Paney-Phensong,11,241,1548,4500,Paney-Phensong,11,1,2,110100024500
260971,Labi,11,241,1548,4600,Labi,11,1,2,110100024600
260972,Kabi,11,241,1548,4700,Kabi,11,1,2,110100024700
260973,Tingda,11,241,1548,4800,Tingda,11,1,2,110100024800
260974,Upper Dzongu Forest Block,11,241,1548,4900,Upper Dzongu Forest Block,11,1,2,110100024900
260975,Lower Dzongu Forest Block,11,241,1548,,,11,1,2,11040002
260978,Phodong Forest Block,11,241,1548,5200,Phodong Forest Block,11,1,2,110100025200
260979,Kabi Forest Block,11,241,1548,5300,Kabi Forest Block,11,1,2,110100025300
260980,Dubdi,11,242,1549,5400,Dubdi,11,2,1,110200015400
260981,Yuksam,11,242,1549,5500,Yuksam,11,2,1,110200015500
260982,Gerethang,11,242,1549,5600,Gerethang,11,2,1,110200015600
260983,Labing,11,242,1549,5700,Labing,11,2,1,110200015700
260984,Tsozo,11,242,1549,5800,Tsozo,11,2,1,110200015800
260985,Khachodpalri,11,242,1549,5900,Khachodpalri,11,2,1,110200015900
260986,Tingle I,11,242,1549,6000,Thingle I,11,2,1,110200016000
260987,Tingle II,11,242,1549,6100,Thingle II,11,2,1,110200016100
260989,Meliaching,11,242,1549,6300,Melliaching,11,2,1,110200016300
260990,Singlitam,11,242,1549,6400,Singlitam,11,2,1,110200016400
260991,Tingbrum,11,242,1549,6500,Tingbrum,11,2,1,110200016500
260992,Topung,11,242,1549,6600,Topung,11,2,1,110200016600
260993,Singrangpung,11,242,1549,6700,Singrangpung,11,2,1,110200016700
260994,Nambu,11,242,1549,6800,Nambu,11,2,1,110200016800
260995,Darap,11,242,1549,6900,Darap,11,2,1,110200016900
260996,Sindrang,11,242,1549,7000,Sindrang,11,2,1,110200017000
260997,Singyang,11,242,1549,7100,Singyang,11,2,1,110200017100
260998,Naku,11,242,1549,7200,Naku,11,2,1,110200017200
261001,Yangten,11,242,1549,7500,Yangten,11,2,1,110200017500
261002,Unglok,11,242,1549,7600,Unglok,11,2,1,110200017600
261003,Bhaluthang,11,242,1549,7700,Bhaluthang,11,2,1,110200017700
261004,Chongrang,11,242,1549,7800,Chongrang,11,2,1,110200017800
261005,Arithang,11,242,1549,7900,Arithang,11,2,1,110200017900
261006,Kongri,11,242,1549,8000,Kongri,11,2,1,110200018000
261007,Labdang,11,242,1549,8100,Labdang,11,2,1,110200018100
261009,Narkhola,11,242,1549,8300,Narkhola,11,2,1,110200018300
261010,Mangnam,11,242,1549,8400,Mangnam,11,2,1,110200018400
261013,Tashiding,11,242,1549,8700,Tashiding,11,2,1,110200018700
261014,Umchung,11,242,1549,8800,Umchung,11,2,1,110200018800
261015,Gyalshing,11,242,1549,8900,Gyalshing,11,2,1,110200018900
261016,Kyonsda,11,242,1549,9000,Kyonsda,11,2,1,110200019000
261017,Yangthang,11,242,1549,9100,Yangthang,11,2,1,110200019100
261018,Tikjya,11,242,1549,9200,Tikjya,11,2,1,110200019200
261019,Lingchom,11,242,1549,9300,Lingchom,11,2,1,110200019300
261020,Sardong,11,242,1549,9400,Sardong,11,2,1,110200019400
261021,Lungzik,11,242,1549,9500,Lungzik,11,2,1,110200019500
261022,Sapong,11,242,1549,9600,Sapong,11,2,1,110200019600
261023,Bangten,11,242,1549,9700,Bangten,11,2,1,110200019700
261025,Liching,11,242,1549,9900,Liching,11,2,1,110200019900
261026,Gyaten,11,242,1549,10000,Gayten,11,2,1,1102000110000
261027,Karmatar,11,242,1549,10100,Karmatar,11,2,1,1102000110100
261028,Sopakha,11,242,1549,10200,Sopakha,11,2,1,1102000110200
261029,Maneybung,11,242,1549,10300,Maneybung,11,2,1,1102000110300
261030,Begha,11,242,1549,10400,Begha,11,2,1,1102000110400
261032,Dentam,11,242,1549,10600,Dentam,11,2,1,1102000110600
261033,Sangkhu,11,242,1549,10700,Sangkhu,11,2,1,1102000110700
261034,Radukhandu,11,242,1549,10800,Radu-Khandu,11,2,1,1102000110800
261035,Hee,11,242,1549,10900,Hee,11,2,1,1102000110900
261036,Hee-Patal,11,242,1549,11000,Hee-Patal,11,2,1,1102000111000
261037,Pecherek,11,242,1549,11100,Pecherek,11,2,1,1102000111100
261038,Martam,11,242,1549,11200,Martam,11,2,1,1104000134600
261039,Barnyak,11,242,1549,11300,Barnyak,11,2,1,1103000124700
261040,Barthang,11,242,1549,11400,Barthang,11,2,1,1102000111400
261042,Chingthang,11,242,1549,11600,Chingthang,11,2,1,1102000111600
261043,Mengyong,11,242,1549,11700,Mengyong,11,2,1,1102000111700
261044,Miyong,11,242,1549,11800,Miyong,11,2,1,1102000111800
261045,Yuksam Forest Block,11,242,1549,11900,Yuksam Forest Block,11,2,1,1102000111900
261046,Khachodpalri Forest Block,11,242,1549,,,11,2,1,11040002
261047,Tashiding Forest Block,11,242,1549,12000,Tashiding Forest Block,11,2,1,1102000112000
261048,Gyalshing Forest Block,11,242,1549,12100,Gyalshing Forest Block,11,2,1,1102000112100
261049,Pelling Forest Blocks,11,242,1549,,,11,2,1,11040002
261050,Legship Forest Block,11,242,1549,,,11,2,1,11040002
261051,Dentam Forest Block,11,242,1549,12200,Dentam Forest Block,11,2,1,1102000112200
261052,Bernyak Forest Block,11,242,1549,12300,Bernyak Forest Block,11,2,1,1102000112300
261053,Tadong},11,242,1550,12400,Tadong,11,2,2,1102000212400
261054,Rinchenpong,11,242,1550,12500,Rinchenpong,11,2,2,1102000212500
261055,Sangadorji,11,242,1550,12600,Sangadorji,11,2,2,1102000212600
261056,Jeel,11,242,1550,12700,Jeel,11,2,2,1102000212700
261057,Hathidunga,11,242,1550,12800,Hathidunga,11,2,2,1102000212800
261058,Bum,11,242,1550,12900,Bum,11,2,2,1102000212900
261059,Rishi,11,242,1550,13000,Rishi,11,2,2,1102000213000
261060,Bara-Samdong,11,242,1550,13100,Bara-Samdong,11,2,2,1102000213100
261061,Sribadam,11,242,1550,13200,Sribadam,11,2,2,1102000213200
261062,Deythang,11,242,1550,13300,Deythang,11,2,2,1103000228100
261063,Parrengaon,11,242,1550,13400,Parrengaon,11,2,2,1102000213400
261064,Takuthang,11,242,1550,13500,Takuthang,11,2,2,1102000213500
261065,Chuchen,11,242,1550,13600,Chuchen,11,2,2,1102000213600
261066,Tinzerbong,11,242,1550,13700,Tinzerbong,11,2,2,1102000213700
261067,Suldung,11,242,1550,13800,Suldung,11,2,2,1102000213800
261068,Kamling,11,242,1550,13900,Kamling,11,2,2,1102000213900
261069,Mabong,11,242,1550,14000,Mabong,11,2,2,1102000214000
261070,Segeng,11,242,1550,14100,Segeng,11,2,2,1102000214100
261071,Samsing,11,242,1550,14200,Samsing,11,2,2,1102000214200
261072,Geling,11,242,1550,14300,Geling,11,2,2,1102000214300
261073,Suntaley,11,242,1550,14400,Suntaley,11,2,2,1102000214400
261074,Khanisherbung,11,242,1550,14500,Khanisherbung,11,2,2,1102000214500
261075,Aroobotey,11,242,1550,14600,Aroobotey,11,2,2,1102000214600
261076,Chota-Samdong,11,242,1550,14700,Chota Samdong (Sumdong),11,2,2,1102000214700
261077,Singling,11,242,1550,14800,Singling,11,2,2,1102000214800
261078,Karthok,11,242,1550,14900,Karthok,11,2,2,1102000214900
261079,Burikhop(Dodok),11,242,1550,15000,Burikhop(Dodok),11,2,2,1102000215000
261080,Burikhop(Rumbuk),11,242,1550,15100,Burikhop(Rumbuk),11,2,2,1102000215100
261081,Rumbuk,11,242,1550,15200,Rumbuk,11,2,2,1102000215200
261082,Bhareng,11,242,1550,15300,Bhareng,11,2,2,1102000215300
261083,Ribdi,11,242,1550,15400,Ribdi,11,2,2,1102000215400
261084,Okhery,11,242,1550,15500,Okhrey,11,2,2,1102000215500
261085,Tikpur,11,242,1550,15600,Tikpur,11,2,2,1102000215600
261086,Siktam,11,242,1550,15700,Siktam,11,2,2,1102000215700
261087,Salyangdang,11,242,1550,15800,Salyangdang,11,2,2,1102000215800
261088,Longchok,11,242,1550,15900,Longchok,11,2,2,1102000215900
261089,Lower Fambong,11,242,1550,16000,Lower Fambong,11,2,2,1102000216000
261090,Dhalam(Daramden),11,242,1550,16100,Dhalam(Daramden),11,2,2,1102000216100
261091,Upper Fambong,11,242,1550,16200,Upper Fambong,11,2,2,1102000216200
261092,Timberbong,11,242,1550,16300,Timberbong,11,2,2,1102000216300
261093,Tharpu,11,242,1550,16400,Tharpu,11,2,2,1102000216400
261094,Soreng,11,242,1550,16500,Soreng,11,2,2,1102000216500
261095,Malbasey,11,242,1550,16600,Malbasey,11,2,2,1102000216600
261096,Mendo-Goan,11,242,1550,16700,Mendo-Gaon,11,2,2,1102000216700
261097,Chakung,11,242,1550,16800,Chakung,11,2,2,1102000216800
261098,Chumbong,11,242,1550,16900,Chumbong,11,2,2,1102000216900
261099,Zoom,11,242,1550,17000,Zoom,11,2,2,1102000217000
261100,Hilley Forest Block,11,242,1550,17100,Hilley Forest Block,11,2,2,1102000217100
261101,Sombaria Forest Block,11,242,1550,17200,Sombaria Forest Block,11,2,2,1102000217200
261102,Soreng Forest Block,11,242,1550,17300,Soreng Forest Block,11,2,2,1102000217300
261103,Sribadam Forest Block,11,242,1550,,,11,2,2,11040002
261105,Omchu,11,243,1551,17500,Omchu,11,3,1,1103000117500
261106,Chumlok,11,243,1551,17600,Chumlok,11,3,1,1103000117600
261107,Wak,11,243,1551,17700,Wak,11,3,1,1103000117700
261108,Chemchey,11,243,1551,17800,Chemchey,11,3,1,1103000117800
261109,Damthang,11,243,1551,17900,Damthang,11,3,1,1103000117900
261110,Jaubari,11,243,1551,18000,Jaubari,11,3,1,1103000118000
261111,Tingrithang,11,243,1551,18100,Tingrithang,11,3,1,1103000118100
261112,Mamley,11,243,1551,18200,Mamley,11,3,1,1103000118200
261114,Pajer,11,243,1551,18400,Pajer,11,3,1,1103000118400
261115,Kamrang,11,243,1551,18500,Kamrang,11,3,1,1103000118500
261116,Tinzer,11,243,1551,18600,Tinzer,11,3,1,1103000118600
261117,Denchung,11,243,1551,18700,Denchung,11,3,1,1103000118700
261118,Poklok (Polok),11,243,1551,18800,Poklok (Polok),11,3,1,1103000118800
261119,Tinik,11,243,1551,18900,Tinik,11,3,1,1103000118900
261120,Chisopani,11,243,1551,19000,Chisopani,11,3,1,1103000119000
261121,Salghari,11,243,1551,19100,Salghari,11,3,1,1103000119100
261123,Dorop,11,243,1551,19300,Dorop,11,3,1,1103000119300
261124,Gom,11,243,1551,19400,Gom,11,3,1,1103000119400
261125,Sorok,11,243,1551,19500,Sorok,11,3,1,1103000119500
261126,Shyampani,11,243,1551,19600,Shyampani,11,3,1,1103000119600
261127,Sangbung,11,243,1551,19700,Sangbung,11,3,1,1103000119700
261128,Assangthang,11,243,1551,19800,Assangthang,11,3,1,1103000119800
261129,Kopchey,11,243,1551,19900,Kopchey,11,3,1,1103000119900
261130,Mikkhola,11,243,1551,20000,Mikkhola,11,3,1,1103000120000
261131,Manpur,11,243,1551,20100,Manpur,11,3,1,1103000120100
261132,Kitam,11,243,1551,20200,Kitam,11,3,1,1103000120200
261133,Kartickey,11,243,1551,20300,Kartickey,11,3,1,1103000120300
261134,Sumbuk,11,243,1551,20400,Sumbuk,11,3,1,1103000120400
261135,Suntaley (Sumbuk),11,243,1551,20500,Suntaley (Sumbuk),11,3,1,1103000120500
261136,Rong,11,243,1551,20600,Rong,11,3,1,1103000120600
261137,Palum,11,243,1551,20700,Palum,11,3,1,1103000120700
261138,Singtam,11,243,1551,20800,Singtam,11,3,1,1103000120800
261139,Bul,11,243,1551,20900,Bul,11,3,1,1103000120900
261140,Bomtar,11,243,1551,21000,Bomtar,11,3,1,1103000121000
261141,Singhithang,11,243,1551,21100,Singhithang,11,3,1,1103000121100
261142,Saleumbong,11,243,1551,21300,Saleumbong,11,3,1,1103000121300
261143,Phalidara ,11,243,1551,21400,Phalidara ,11,3,1,1103000121400
261144,Maniram,11,243,1551,21500,Maniram,11,3,1,1103000121500
261146,Kamarey,11,243,1551,21700,Kamarey,11,3,1,1103000121700
261147,Panchgharey,11,243,1551,21800,Panchgharey,11,3,1,1103000121800
261148,Turuk,11,243,1551,21900,Turuk,11,3,1,1103000121900
261149,Ramabong,11,243,1551,22000,Ramabong,11,3,1,1103000122000
261150,Kerabari,11,243,1551,22100,Kerabari,11,3,1,1103000122100
261151,Melli,11,243,1551,22200,Melli,11,3,1,1103000122200
261152,Mellidara,11,243,1551,22300,Mellidara,11,3,1,1103000122300
261153,Paiyong (Kerabari),11,243,1551,22400,Paiyong (Kerabari),11,3,1,1103000122400
261154,Suntaley (Sadam),11,243,1551,22500,Suntaley (Sadam),11,3,1,1103000122500
261156,Sadam,11,243,1551,22700,Sadam,11,3,1,1103000122700
261157,Rabitar,11,243,1551,22800,Rabitar,11,3,1,1103000122800
261158,Rabikhola,11,243,1551,22900,Rabikhola,11,3,1,1103000122900
261159,Tangji,11,243,1551,23000,Tangji,11,3,1,1103000123000
261160,Bikmat,11,243,1551,23100,Bikmat,11,3,1,1103000123100
261161,Rateypani,11,243,1551,23200,Rateypani,11,3,1,1103000123200
261162,Passi,11,243,1551,23300,Passi,11,3,1,1103000123300
261163,Kateng-Bokrang,11,243,1551,23400,Kateng-Bokrang,11,3,1,1103000123400
261164,Paleytam,11,243,1551,23500,Paleytam,11,3,1,1103000123500
261165,Nalam-Kolbong,11,243,1551,23600,Nalam-Kolbong,11,3,1,1103000123600
261166,Nagi,11,243,1551,23700,Nagi,11,3,1,1103000123700
261167,Maneydara,11,243,1551,23800,Maneydara,11,3,1,1103000123800
261168,Kabrey,11,243,1551,23900,Kabrey,11,3,1,1103000123900
261169,Karek,11,243,1551,24000,Karek,11,3,1,1103000124000
261170,Phong,11,243,1551,24100,Phong,11,3,1,1103000124100
261171,Chuba,11,243,1551,24200,Chuba,11,3,1,1103000124200
261172,Parbing,11,243,1551,24300,Parbing,11,3,1,1104000137600
261173,Rameng,11,243,1551,24400,Rameng,11,3,1,1103000124400
261174,Nijarmeng,11,243,1551,24500,Nijarmeng,11,3,1,1103000124500
261175,Burul,11,243,1551,24600,Burul,11,3,1,1103000124600
261176,Barnyak,11,243,1551,24700,Barnyak,11,3,1,1103000124700
261177,Thangsing,11,243,1551,24800,Thangsing,11,3,1,1103000124800
261178,Tokal,11,243,1551,24900,Tokal,11,3,1,1103000124900
261179,Tokdey (Resep),11,243,1551,25000,Tokdey (Resep),11,3,1,1103000125000
261180,Gangchung,11,243,1551,25100,Gangchung,11,3,1,1103000125100
261181,Aifaltar,11,243,1551,25200,Aifaltar,11,3,1,1103000125200
261182,Temi Tea Estate,11,243,1551,25300,Temi Tea Estate,11,3,1,1103000125300
261183,Temi,11,243,1551,25400,Temi,11,3,1,1103000125400
261184,Tarku,11,243,1551,25500,Tarku,11,3,1,1103000125500
261185,Tanak,11,243,1551,25600,Tanak,11,3,1,1103000125600
261186,Pabong (Gangchung),11,243,1551,25700,Pabong (Gangchung),11,3,1,1103000125700
261187,Doring,11,243,1551,25800,Doring,11,3,1,1103000125800
261188,Rashyap,11,243,1551,25900,Rashyap,11,3,1,1103000125900
261190,Tsalumthang,11,243,1551,26100,Tshalumthang,11,3,1,1103000126100
261191,Turung,11,243,1551,26200,Turung,11,3,1,1103000126200
261192,Kanamtek,11,243,1551,26300,Kanamtek,11,3,1,1103000126300
261194,Donok,11,243,1551,26500,Donok,11,3,1,1103000126500
261195,Mamring,11,243,1551,26600,Mamring,11,3,1,1103000126600
261196,Temi Forest Block,11,243,1551,26800,Temi Forest Block,11,3,1,1103000126800
261197,Namchi Forest Block,11,243,1551,26900,Namchi Forest Block,11,3,1,1103000126900
261198,Majhitar Forest Block,11,243,1551,27000,Majhitar Forest Block,11,3,1,1103000127000
261199,Jorethang Forest Block,11,243,1551,,,11,3,1,11040002
261200,Melli Forest Block,11,243,1551,27100,Melli Forest Block,11,3,1,1103000127100
261201,Namthang Forest Block,11,243,1551,,,11,3,1,11040002
261202,Mamring Forest Block,11,243,1551,27200,Mamring Forest Block,11,3,1,1103000127200
261203,Sada,11,243,1552,27300,Sada,11,3,2,1103000227300
261204,Phamthang ,11,243,1552,27400,Phamthang ,11,3,2,1103000227400
261207,Namlung,11,243,1552,27700,Namlung,11,3,2,1103000227700
261208,Lingdong,11,243,1552,27800,Lingdong,11,3,2,110100022700
261209,Ralong,11,243,1552,27900,Ralong,11,3,2,1103000227900
261211,Deythang,11,243,1552,28100,Deythang,11,3,2,1103000228100
261212,Zarung,11,243,1552,28200,Zarung,11,3,2,1103000228200
261213,Barfung,11,243,1552,28300,Barfung,11,3,2,1103000228300
261214,Bakkhim,11,243,1552,28400,Bakkhim,11,3,2,1103000228400
261215,Kewzing,11,243,1552,28500,Kewzing,11,3,2,1103000228500
261216,Dalep,11,243,1552,28600,Dalep,11,3,2,1103000228600
261217,Lingzo,11,243,1552,28700,Lingzo,11,3,2,1103000228700
261218,Likship,11,243,1552,28800,Likship,11,3,2,1103000228800
261219,Hingdam,11,243,1552,28900,Hingdam,11,3,2,1103000228900
261220,Lamting,11,243,1552,29000,Lamting,11,3,2,1103000229000
261221,Mangbrue,11,243,1552,29100,Mangbrue,11,3,2,1103000229100
261222,Tingmo,11,243,1552,29200,Tingmo,11,3,2,1103000229200
261223,Sanghanath,11,243,1552,29300,Sanghanath,11,3,2,1103000229300
261224,Tinkitam,11,243,1552,29400,Tinkitam,11,3,2,1103000229400
261225,Rayong,11,243,1552,29500,Rayong,11,3,2,1103000229500
261226,Sangmo,11,243,1552,29600,Sangmo,11,3,2,1103000229600
261229,Lingi,11,243,1552,29900,Lingi,11,3,2,1103000229900
261230,Lower Paiyong,11,243,1552,30000,Lower Paiyong,11,3,2,1103000230000
261233,Lingmo,11,243,1552,30300,Lingmo,11,3,2,1103000230300
261234,Pepthang,11,243,1552,30400,Pepthang,11,3,2,1103000230400
261235,Kolthang,11,243,1552,30500,Kolthang,11,3,2,1103000230500
261236,Tokday (Lingmo),11,243,1552,30600,Tokdey (Lingmo),11,3,2,1103000230600
261237,Mangzing,11,243,1552,30700,Mangzing,11,3,2,1103000230700
261238,Neh-Brum,11,243,1552,30800,Neh-Brum,11,3,2,1103000230800
261239,Sripatam,11,243,1552,30900,Sripatam,11,3,2,1103000230900
261240,Namphok,11,243,1552,31000,Namphok,11,3,2,1103000231000
261241,Gagyong,11,243,1552,31100,Gagyong,11,3,2,1103000231100
261242,Rangang,11,243,1552,31200,Rangang,11,3,2,1103000231200
261243,Yangyang,11,243,1552,31300,Yangyang,11,3,2,1103000231300
261244,Satam,11,243,1552,31400,Satam,11,3,2,1103000231400
261245,Namphrik,11,243,1552,31500,Namphrik,11,3,2,1103000231500
261246,Ben,11,243,1552,31600,Ben,11,3,2,1103000231600
261247,Deu,11,243,1552,31700,Deu,11,3,2,1103000231700
261248,Lingmo Forest Block,11,243,1552,31800,Lingmo Forest Block,11,3,2,1103000231800
261249,Yangyang Forest Block,11,243,1552,,,11,3,2,11040002
261250,Ralang Forest Block,11,243,1552,,,11,3,2,11040002
261251,Rabongla Forest Block,11,243,1552,31900,Rabongla Forest Block,11,3,2,1103000231900
261252,Kewzing Forest Block,11,243,1552,,,11,3,2,11040002
261253,Rakdong,11,244,1553,32000,Rakdong,11,4,1,1104000132000
261254,Tintek,11,244,1553,32100,Tintek,11,4,1,1104000132100
261255,Kambal,11,244,1553,32200,Kambal,11,4,1,1104000132200
261256,Samdong,11,244,1553,32300,Samdong,11,4,1,1104000132300
261257,Raley-Khese,11,244,1553,32400,Raley-Khese,11,4,1,1104000132400
261258,Tumen,11,244,1553,32500,Tumen,11,4,1,1104000132500
261259,Chadey,11,244,1553,32600,Chadey,11,4,1,1104000132600
261261,Aritar (Dung-Dung),11,244,1553,32800,Aritar (Dung-Dung),11,4,1,1104000132800
261262,Lingzey (Simik),11,244,1553,32900,Lingzey (Simik),11,4,1,1104000132900
261263,Patuk,11,244,1553,33000,Patuk,11,4,1,1104000133000
261264,Singbel,11,244,1553,33100,Singbel,11,4,1,1104000133100
261265,Dung-Dung,11,244,1553,33200,Dung-Dung,11,4,1,1104000133200
261266,Budang Thangsing,11,244,1553,33300,Budang Thangsing,11,4,1,1104000133300
261267,Beng,11,244,1553,33400,Beng,11,4,1,1104000133400
261268,Khamdong,11,244,1553,33500,Khamdong,11,4,1,1104000133500
261269,Sherwani,11,244,1553,33600,Sherwani,11,4,1,1104000133600
261270,Sakyong,11,244,1553,33700,Sakyong,11,4,1,1104000133700
261273,Rapdang,11,244,1553,34000,Rapdang,11,4,1,1104000134000
261274,Namgeythang,11,244,1553,34100,Namgeythang,11,4,1,1104000134100
261275,Byang,11,244,1553,34200,Byang,11,4,1,1104000134200
261276,Phengyong,11,244,1553,34300,Phengyong,11,4,1,1104000134300
261277,Tirkutam,11,244,1553,34400,Tirkutam,11,4,1,1104000134400
261278,Nazitam,11,244,1553,34500,Nazitam,11,4,1,1104000134500
261279,Martam,11,244,1553,34600,Martam,11,4,1,1104000134600
261280,Mangthang,11,244,1553,34700,Mangthang,11,4,1,1104000134700
261281,Sumen,11,244,1553,34800,Sumen,11,4,1,1104000134800
261282,Lingzey (Sumen),11,244,1553,34900,Lingzey (Sumen),11,4,1,1104000134900
261283,West Pendam,11,244,1553,35000,West Pendam,11,4,1,1104000135000
261284,Central Pendam,11,244,1553,35100,Central Pendam,11,4,1,1104000135100
261285,Sajong,11,244,1553,35200,Sajong,11,4,1,1104000135200
261287,Namli,11,244,1553,35400,Namli,11,4,1,1104000135400
261288,Tumlabung,11,244,1553,35500,Tumlabung,11,4,1,1104000135500
261289,Namin,11,244,1553,35600,Namin,11,4,1,1104000135600
261290,Samlik-Marchak,11,244,1553,35700,Samlik-Marchak,11,4,1,1104000135700
261291,Shyagyong-Rumtek,11,244,1553,35800,Shyagyong-Rumtek,11,4,1,1104000135800
261292,Rawate-Rumtek,11,244,1553,35900,Rawate-Rumtek,11,4,1,1104000135900
261294,Ranka,11,244,1553,36400,Ranka,11,4,1,1104000136400
261295,Sangtong,11,244,1553,36500,Sangtong,11,4,1,1104000136500
261296,Barbing,11,244,1553,36600,Barbing,11,4,1,1104000136600
261297,Temphyak Mendu,11,244,1553,36700,Temphyak-Mendu,11,4,1,1104000136700
261298,Rey,11,244,1553,36800,Rey,11,4,1,1104000136800
261299,Lingdum,11,244,1553,36900,Lingdum,11,4,1,1104000136900
261300,Nampong,11,244,1553,37000,Nampong,11,4,1,1104000137000
261301,Lingdok,11,244,1553,37100,Lingdok,11,4,1,1104000137100
261302,Navey,11,244,1553,37200,Navey,11,4,1,1104000137200
261303,Shotak,11,244,1553,37300,Shotak,11,4,1,1104000137300
261304,Penlong,11,244,1553,37400,Penlong,11,4,1,1104000137400
261305,Luing,11,244,1553,37500,Luing,11,4,1,1104000137500
261306,Parbing,11,244,1553,37600,Parbing,11,4,1,1104000137600
261307,Rongyek,11,244,1553,38400,Rongyek,11,4,1,1104000138400
261308,Tathangchen,11,244,1553,38500,Tathangchen,11,4,1,1104000138500
261309,Syari,11,244,1553,38700,Syari,11,4,1,1104000138700
261310,Nandok,11,244,1553,38800,Nandok,11,4,1,1104000138800
261311,Naitam,11,244,1553,38900,Naitam,11,4,1,1104000138900
261314,Bhusuk,11,244,1553,39200,Bhusuk,11,4,1,1104000139200
261315,Gnathang,11,244,1553,39300,Gnathang,11,4,1,1104000139300
261316,Assam,11,244,1553,39400,Assam,11,4,1,1104000139400
261317,Lingzey (Assam),11,244,1553,39500,Lingzey (Assam),11,4,1,1104000139500
261318,Kyongnosla Forest Block,11,244,1553,39600,Kyongnosla Forest Block,11,4,1,1104000139600
261319,Gnathang Forest Block,11,244,1553,,,11,4,1,11040002
261320,Pangthang Forest Block,11,244,1553,39700,Pangthang Forest Block,11,4,1,1104000139700
261321,Gangtok Forest Block,11,244,1553,39800,Gangtok Forest Block,11,4,1,1104000139800
261322,Ranipool Forest Block,11,244,1553,39900,Ranipool Forest Block,11,4,1,1104000139900
261323,Rumtek Forest Block,11,244,1553,40000,Rumtek Forest Block,11,4,1,1104000140000
261325,Sang Forest Block,11,244,1553,40200,Sang Forest Block,11,4,1,1104000140200
261326,Singtam Forest Block,11,244,1553,40300,Singtam Forest Block,11,4,1,1104000140300
261327,Rangpo Forest Block,11,244,1553,40400,Rangpo Forest Block,11,4,1,1104000140400
261328,Chhota Singtam,11,244,1554,40500,Chhota Singtam,11,4,2,1104000240500
261329,Yangtam,11,244,1554,40600,Yangtam,11,4,2,1104000240600
261330,Aho,11,244,1554,40700,Aho,11,4,2,1104000240700
261331,Changey Senti (Tsaney),11,244,1554,40800,Changey Senti (Tsaney),11,4,2,1104000240800
261332,Pachey,11,244,1554,40900,Pachey,11,4,2,1104000240900
261333,Namcheybung,11,244,1554,41000,Namchey-Bung,11,4,2,1104000241000
261334,Pachak,11,244,1554,41100,Pachak,11,4,2,1104000241100
261335,Kamarey Bhasmey,11,244,1554,41200,Kamarey Bhasmey,11,4,2,1104000241200
261336,East Pendam,11,244,1554,41300,East Pendam,11,4,2,1104000241300
261339,Tsalumthang,11,244,1554,41600,Tshalumthang,11,4,2,1103000126100
261340,Pacheykhani (Dikling),11,244,1554,41700,Pacheykhani (Dikling),11,4,2,1104000241700
261341,Losing,11,244,1554,41800,Losing,11,4,2,1104000241800
261342,Pacheykhani (Losing),11,244,1554,41900,Pacheykhani (Losing),11,4,2,1104000241900
261343,Taza,11,244,1554,42000,Taza,11,4,2,1104000242000
261344,Amba,11,244,1554,42100,Amba,11,4,2,1104000242100
261345,Tarethang,11,244,1554,42200,Tarethang,11,4,2,1104000242200
261347,Linkey,11,244,1554,42400,Linkey,11,4,2,1104000242400
261348,Thekabung,11,244,1554,42500,Thekabung,11,4,2,1104000242500
261349,Parkha,11,244,1554,42600,Parkha,11,4,2,1104000242600
261350,Riwa,11,244,1554,42700,Riwa,11,4,2,1104000242700
261351,Machong,11,244,1554,42800,Machong,11,4,2,1104000242800
261352,Chochenpheri,11,244,1554,42900,Chochenpheri,11,4,2,1104000242900
261353,Latuk,11,244,1554,43000,Latuk,11,4,2,1104000243000
261354,Assam Lingzey Forest Block,11,244,1554,43100,Assam Lingzey Forest Block,11,4,2,1104000243100
261355,Pakyong Forest Block,11,244,1554,43200,Pakyong Forest Block,11,4,2,1104000243200
261356,Pathing Forest Block ,11,244,1554,,,11,4,2,11040002
261357,Rolep,11,244,1555,43300,Rolep,11,4,3,1104000343300
261358,Lamaten,11,244,1555,43400,Lamaten,11,4,3,1104000343400
261359,Lingtam,11,244,1555,43500,Lingtam,11,4,3,1104000343500
261360,Phadamchen,11,244,1555,43600,Phadamchen,11,4,3,1104000343600
261361,Premlakha,11,244,1555,43700,Premlakha,11,4,3,1104000343700
261362,Singaneybas,11,244,1555,43800,Singaneybas,11,4,3,1104000343800
261363,Subanedara,11,244,1555,43900,Subanedara,11,4,3,1104000343900
261365,South Rhegoh,11,244,1555,44100,South Rhegoh,11,4,3,1104000344100
261367,Chujachen,11,244,1555,44300,Chujachen,11,4,3,1104000344300
261368,Dholepchen,11,244,1555,44400,Dholepchen,11,4,3,1104000344400
261369,Sudunglakha,11,244,1555,44500,Sudunglakha,11,4,3,1104000344500
261371,Tarpin,11,244,1555,44700,Tarpin,11,4,3,1104000344700
261372,Aritar,11,244,1555,44900,Aritar,11,4,3,1104000344900
261374,Rongli Forest Block,11,244,1555,45100,Rongli Forest Block,11,4,3,1104000345100
261375,Rhenock Forest Block,11,244,1555,45200,Rhenock Forest Block,11,4,3,1104000345200
261376,Rhenak (CT),11,244,1555,44800,Rhenak,11,4,3,1104000344800
